"region","FoodGroup","Year","AggProduction","AggFinalSupply","GDP..BILLIONS.","CODE"
"Afghanistan","Fruits and Vegetables",2014,146.364051914863,152.38,21.71,"AFG"
"Afghanistan","Meat",2014,21.7208167681976,26.6,21.71,"AFG"
"Afghanistan","Dairy and Eggs",2014,133.532730870321,133.05,21.71,"AFG"
"Afghanistan","Oilseeds and Pulses",2014,10.5205958564361,14.15,21.71,"AFG"
"Afghanistan","Cereals",2014,366.888789866827,355.88,21.71,"AFG"
"Afghanistan","Fish and Seafood",2014,0.326220026556159,0.38,21.71,"AFG"
"Albania","Meat",2014,66.7162949280116,117.01,13.4,"ALB"
"Albania","Fruits and Vegetables",2014,882.659714118013,835.13,13.4,"ALB"
"Albania","Cereals",2014,438.510858681766,301.46,13.4,"ALB"
"Albania","Fish and Seafood",2014,4.07188654490212,10.66,13.4,"ALB"
"Albania","Dairy and Eggs",2014,741.396573214101,708.52,13.4,"ALB"
"Albania","Oilseeds and Pulses",2014,64.5237406346028,57.27,13.4,"ALB"
"Algeria","Cereals",2014,160.140730105496,441.93,227.8,"DZA"
"Algeria","Fish and Seafood",2014,4.66135148029388,8.79,227.8,"DZA"
"Algeria","Dairy and Eggs",2014,206.684324636231,318.27,227.8,"DZA"
"Algeria","Oilseeds and Pulses",2014,25.2412182657913,51.43,227.8,"DZA"
"Algeria","Fruits and Vegetables",2014,542.977527182032,577.61,227.8,"DZA"
"Algeria","Meat",2014,37.7802537477819,44.08,227.8,"DZA"
"Angola","Fruits and Vegetables",2014,345.845639560564,213.43,131.4,"AGO"
"Angola","Oilseeds and Pulses",2014,73.0010073573461,41.81,131.4,"AGO"
"Angola","Cereals",2014,122.76829927347,194.32,131.4,"AGO"
"Angola","Dairy and Eggs",2014,13.165772083359,33.59,131.4,"AGO"
"Angola","Fish and Seafood",2014,29.9344536626756,52.72,131.4,"AGO"
"Angola","Meat",2014,20.9103438970996,66.32,131.4,"AGO"
"Antigua and Barbuda","Meat",2014,9.80104796888505,151.92,1.24,"ATG"
"Antigua and Barbuda","Fruits and Vegetables",2014,225.424103284356,379.37,1.24,"ATG"
"Antigua and Barbuda","Dairy and Eggs",2014,98.0104796888505,159.88,1.24,"ATG"
"Antigua and Barbuda","Oilseeds and Pulses",2014,0,31.27,1.24,"ATG"
"Antigua and Barbuda","Fish and Seafood",2014,107.811527657736,108.34,1.24,"ATG"
"Antigua and Barbuda","Cereals",2014,0,168,1.24,"ATG"
"Argentina","Oilseeds and Pulses",2014,2820.84202653954,32.75,536.2,"ARG"
"Argentina","Cereals",2014,2171.58389033506,260.55,536.2,"ARG"
"Argentina","Dairy and Eggs",2014,496.597899361384,407.19,536.2,"ARG"
"Argentina","Fruits and Vegetables",2014,469.278631890089,302.02,536.2,"ARG"
"Argentina","Meat",2014,259.533040977299,223.51,536.2,"ARG"
"Argentina","Fish and Seafood",2014,35.5320690631324,11.76,536.2,"ARG"
"Armenia","Meat",2014,70.3966165478075,105.43,10.88,"ARM"
"Armenia","Cereals",2014,357.901382360313,288.75,10.88,"ARM"
"Armenia","Fruits and Vegetables",2014,1169.95438829011,1032.48,10.88,"ARM"
"Armenia","Oilseeds and Pulses",2014,5.91829962127585,30.62,10.88,"ARM"
"Armenia","Fish and Seafood",2014,11.8365992425517,11,10.88,"ARM"
"Armenia","Dairy and Eggs",2014,458.200986468251,438.64,10.88,"ARM"
"Australia","Cereals",2014,2957.06443074839,192.99,1483,"AUS"
"Australia","Fruits and Vegetables",2014,380.075914481943,323.96,1483,"AUS"
"Australia","Meat",2014,440.128370320582,265.56,1483,"AUS"
"Australia","Oilseeds and Pulses",2014,631.089028547551,60.28,1483,"AUS"
"Australia","Dairy and Eggs",2014,756.191903898981,472.05,1483,"AUS"
"Australia","Fish and Seafood",2014,18.6078032176067,52.98,1483,"AUS"
"Austria","Oilseeds and Pulses",2014,123.412060762303,41.78,436.1,"AUT"
"Austria","Fish and Seafood",2014,0.842403145135174,28.05,436.1,"AUT"
"Austria","Meat",2014,224.395137785382,201.54,436.1,"AUT"
"Austria","Fruits and Vegetables",2014,290.313183892209,392.99,436.1,"AUT"
"Austria","Cereals",2014,1206.42660422671,239.95,436.1,"AUT"
"Austria","Dairy and Eggs",2014,776.801000207772,508.77,436.1,"AUT"
"Azerbaijan","Fruits and Vegetables",2014,494.362103681822,449.95,77.91,"AZE"
"Azerbaijan","Oilseeds and Pulses",2014,54.6852288435683,14.28,77.91,"AZE"
"Azerbaijan","Dairy and Eggs",2014,374.39817234436,274.31,77.91,"AZE"
"Azerbaijan","Cereals",2014,438.627071143176,417.87,77.91,"AZE"
"Azerbaijan","Meat",2014,67.664619982705,73.04,77.91,"AZE"
"Azerbaijan","Fish and Seafood",2014,0.190873399104951,3.86,77.91,"AZE"
"Bangladesh","Meat",2014,8.63636915795492,9.24,186.6,"BGD"
"Bangladesh","Oilseeds and Pulses",2014,14.0025427883905,28.54,186.6,"BGD"
"Bangladesh","Dairy and Eggs",2014,47.0097945939803,39.85,186.6,"BGD"
"Bangladesh","Fish and Seafood",2014,41.6671053120367,45.85,186.6,"BGD"
"Bangladesh","Cereals",2014,648.649447524932,571.25,186.6,"BGD"
"Bangladesh","Fruits and Vegetables",2014,100.577593504368,110.3,186.6,"BGD"
"Barbados","Dairy and Eggs",2014,47.7750763613383,87.76,4.28,"BRB"
"Barbados","Cereals",2014,0,195.1,4.28,"BRB"
"Barbados","Oilseeds and Pulses",2014,57.330091633606,60.11,4.28,"BRB"
"Barbados","Meat",2014,117.845188357968,148.2,4.28,"BRB"
"Barbados","Fruits and Vegetables",2014,95.5501527226767,247.06,4.28,"BRB"
"Barbados","Fish and Seafood",2014,19.1100305445353,80.33,4.28,"BRB"
"Belarus","Fruits and Vegetables",2014,461.395929595175,433.84,75.25,"BLR"
"Belarus","Meat",2014,239.979746579104,182.02,75.25,"BLR"
"Belarus","Dairy and Eggs",2014,1342.82855390416,314.95,75.25,"BLR"
"Belarus","Cereals",2014,1737.76115488765,245.88,75.25,"BLR"
"Belarus","Fish and Seafood",2014,2.69315948064726,32.61,75.25,"BLR"
"Belarus","Oilseeds and Pulses",2014,282.58937693363,41.96,75.25,"BLR"
"Belgium","Fruits and Vegetables",2014,477.715559256873,356.85,527.8,"BEL"
"Belgium","Dairy and Eggs",2014,657.839144639224,497.29,527.8,"BEL"
"Belgium","Cereals",2014,519.431793573432,279.62,527.8,"BEL"
"Belgium","Fish and Seafood",2014,4.36565242847709,52.57,527.8,"BEL"
"Belgium","Oilseeds and Pulses",2014,123.531794642833,37.55,527.8,"BEL"
"Belgium","Meat",2014,354.345455444724,170.66,527.8,"BEL"
"Belize","Fish and Seafood",2014,205.379064436709,25.85,1.67,"BLZ"
"Belize","Oilseeds and Pulses",2014,71.8826725528483,56.25,1.67,"BLZ"
"Belize","Meat",2014,107.824008829272,88.94,1.67,"BLZ"
"Belize","Fruits and Vegetables",2014,1781.66338398845,426.12,1.67,"BLZ"
"Belize","Dairy and Eggs",2014,41.0758128873419,83.8,1.67,"BLZ"
"Belize","Cereals",2014,485.208039731726,267.4,1.67,"BLZ"
"Benin","Oilseeds and Pulses",2014,283.880036532113,70.94,9.24,"BEN"
"Benin","Meat",2014,15.0803001699258,54.74,9.24,"BEN"
"Benin","Fish and Seafood",2014,8.64251120849551,40.2,9.24,"BEN"
"Benin","Fruits and Vegetables",2014,195.250202200093,206.62,9.24,"BEN"
"Benin","Cereals",2014,302.311514517578,285.35,9.24,"BEN"
"Benin","Dairy and Eggs",2014,26.4566669647822,30.7,9.24,"BEN"
"Bermuda","Meat",2014,0,0,5.2,"BMU"
"Bermuda","Fish and Seafood",2014,0,0,5.2,"BMU"
"Bosnia and Herzegovina","Cereals",2014,564.302308083317,341.78,19.55,"BIH"
"Bosnia and Herzegovina","Meat",2014,37.2554155382799,75.66,19.55,"BIH"
"Bosnia and Herzegovina","Dairy and Eggs",2014,377.243648247758,389.13,19.55,"BIH"
"Bosnia and Herzegovina","Fruits and Vegetables",2014,475.462471030496,568.01,19.55,"BIH"
"Bosnia and Herzegovina","Fish and Seafood",2014,1.56316428831944,9.41,19.55,"BIH"
"Bosnia and Herzegovina","Oilseeds and Pulses",2014,35.6922512499605,39.01,19.55,"BIH"
"Botswana","Oilseeds and Pulses",2014,7.81823883712691,32.23,16.3,"BWA"
"Botswana","Meat",2014,62.1115640949526,64.88,16.3,"BWA"
"Botswana","Dairy and Eggs",2014,306.214354454137,344.72,16.3,"BWA"
"Botswana","Cereals",2014,43.4346602062606,227.89,16.3,"BWA"
"Botswana","Fruits and Vegetables",2014,43.000313604198,131.4,16.3,"BWA"
"Botswana","Fish and Seafood",2014,0.868693204125212,8.93,16.3,"BWA"
"Brazil","Fruits and Vegetables",2014,442.958148853439,313.06,2244,"BRA"
"Brazil","Oilseeds and Pulses",2014,961.166164941523,97.57,2244,"BRA"
"Brazil","Dairy and Eggs",2014,340.156781385074,324.67,2244,"BRA"
"Brazil","Fish and Seafood",2014,11.9279473243096,19.87,2244,"BRA"
"Brazil","Meat",2014,256.276377620575,203.62,2244,"BRA"
"Brazil","Cereals",2014,907.553039364928,263.82,2244,"BRA"
"Bulgaria","Dairy and Eggs",2014,327.283485953641,342.66,55.08,"BGR"
"Bulgaria","Meat",2014,58.3451049940309,125.67,55.08,"BGR"
"Bulgaria","Cereals",2014,2414.31042832596,321.48,55.08,"BGR"
"Bulgaria","Fish and Seafood",2014,5.00816351880094,12.88,55.08,"BGR"
"Bulgaria","Fruits and Vegetables",2014,178.541029445253,216.37,55.08,"BGR"
"Bulgaria","Oilseeds and Pulses",2014,738.203302671258,33.59,55.08,"BGR"
"Burkina Faso","Fruits and Vegetables",2014,39.824043288906,43.63,13.38,"BFA"
"Burkina Faso","Oilseeds and Pulses",2014,205.51682443394,81.35,13.38,"BFA"
"Burkina Faso","Cereals",2014,461.174801817124,440.89,13.38,"BFA"
"Burkina Faso","Dairy and Eggs",2014,43.2286894768177,44.47,13.38,"BFA"
"Burkina Faso","Meat",2014,29.1974203387575,30.94,13.38,"BFA"
"Burkina Faso","Fish and Seafood",2014,2.16659302867105,13.06,13.38,"BFA"
"Cabo Verde","Fish and Seafood",2014,124.279111274046,24.96,1.98,"CPV"
"Cabo Verde","Meat",2014,19.2545101973875,65.22,1.98,"CPV"
"Cabo Verde","Fruits and Vegetables",2014,210.049202153318,275.18,1.98,"CPV"
"Cabo Verde","Oilseeds and Pulses",2014,45.5106604665522,52.88,1.98,"CPV"
"Cabo Verde","Dairy and Eggs",2014,45.5106604665522,120.12,1.98,"CPV"
"Cabo Verde","Cereals",2014,3.50082003588863,313.4,1.98,"CPV"
"Cambodia","Meat",2014,27.9142983403712,29.73,16.9,"KHM"
"Cambodia","Dairy and Eggs",2014,5.82042816458804,7.7,16.9,"KHM"
"Cambodia","Cereals",2014,1172.87566728862,510.22,16.9,"KHM"
"Cambodia","Oilseeds and Pulses",2014,70.4984513404694,30.79,16.9,"KHM"
"Cambodia","Fish and Seafood",2014,88.4942649513896,84.76,16.9,"KHM"
"Cambodia","Fruits and Vegetables",2014,107.974881665521,110.26,16.9,"KHM"
"Cameroon","Fish and Seafood",2014,17.3982931286469,39.62,32.16,"CMR"
"Cameroon","Oilseeds and Pulses",2014,347.485909659045,95.58,32.16,"CMR"
"Cameroon","Fruits and Vegetables",2014,650.896143392184,412.18,32.16,"CMR"
"Cameroon","Cereals",2014,268.613647475845,278.21,32.16,"CMR"
"Cameroon","Meat",2014,27.1973317873101,28.75,32.16,"CMR"
"Cameroon","Dairy and Eggs",2014,22.1578261914262,20.85,32.16,"CMR"
"Canada","Fruits and Vegetables",2014,162.769781103478,405.45,1794,"CAN"
"Canada","Dairy and Eggs",2014,462.5927862397,396.03,1794,"CAN"
"Canada","Fish and Seafood",2014,51.9672859500554,46.26,1794,"CAN"
"Canada","Meat",2014,252.408897935585,194.73,1794,"CAN"
"Canada","Oilseeds and Pulses",2014,1642.451127653,84.85,1794,"CAN"
"Canada","Cereals",2014,2528.0571127911,215.06,1794,"CAN"
"Central African Republic","Fruits and Vegetables",2014,125.383193554023,104.4,1.73,"CAF"
"Central African Republic","Fish and Seafood",2014,11.7864266225824,16.04,1.73,"CAF"
"Central African Republic","Cereals",2014,54.2582053143018,83.37,1.73,"CAF"
"Central African Republic","Oilseeds and Pulses",2014,113.596766931441,44.88,1.73,"CAF"
"Central African Republic","Meat",2014,74.3764162735373,80.3,1.73,"CAF"
"Central African Republic","Dairy and Eggs",2014,32.9207088423854,34.32,1.73,"CAF"
"Chad","Fish and Seafood",2014,15.9346642202587,17.86,15.84,"TCD"
"Chad","Meat",2014,27.9520568197038,29.96,15.84,"TCD"
"Chad","Cereals",2014,365.036599512426,337.76,15.84,"TCD"
"Chad","Dairy and Eggs",2014,44.0859043427157,44.54,15.84,"TCD"
"Chad","Fruits and Vegetables",2014,30.4086508869937,30.83,15.84,"TCD"
"Chad","Oilseeds and Pulses",2014,175.148517554343,68.32,15.84,"TCD"
"Chile","Meat",2014,166.684572463703,168.95,264.1,"CHL"
"Chile","Fish and Seafood",2014,397.37642941929,26.98,264.1,"CHL"
"Chile","Fruits and Vegetables",2014,871.735283203521,259.9,264.1,"CHL"
"Chile","Oilseeds and Pulses",2014,49.5507310112754,28.77,264.1,"CHL"
"Chile","Dairy and Eggs",2014,243.41158068941,195.64,264.1,"CHL"
"Chile","Cereals",2014,355.43709935717,293.52,264.1,"CHL"
"Colombia","Oilseeds and Pulses",2014,293.048431581704,50.29,400.1,"COL"
"Colombia","Meat",2014,102.485827707126,113.88,400.1,"COL"
"Colombia","Fruits and Vegetables",2014,493.65487835257,417.11,400.1,"COL"
"Colombia","Fish and Seafood",2014,7.10795035737326,14.97,400.1,"COL"
"Colombia","Cereals",2014,156.857784924533,215.4,400.1,"COL"
"Colombia","Dairy and Eggs",2014,292.604184684368,268.7,400.1,"COL"
"Costa Rica","Cereals",2014,88.724562080327,246.74,50.46,"CRI"
"Costa Rica","Dairy and Eggs",2014,431.704585644576,368.54,50.46,"CRI"
"Costa Rica","Oilseeds and Pulses",2014,450.244046377779,62.56,50.46,"CRI"
"Costa Rica","Meat",2014,108.966626350252,105.87,50.46,"CRI"
"Costa Rica","Fruits and Vegetables",2014,2500.36788276265,290.92,50.46,"CRI"
"Costa Rica","Fish and Seafood",2014,15.8909663427451,28.42,50.46,"CRI"
"Croatia","Dairy and Eggs",2014,325.737380478485,458.41,57.18,"HRV"
"Croatia","Meat",2014,93.3723642994612,151.53,57.18,"HRV"
"Croatia","Fruits and Vegetables",2014,638.044489379651,263.29,57.18,"HRV"
"Croatia","Cereals",2014,1279.92619920997,239.95,57.18,"HRV"
"Croatia","Oilseeds and Pulses",2014,157.5392173911,27.34,57.18,"HRV"
"Croatia","Fish and Seafood",2014,39.8644569041078,36.09,57.18,"HRV"
"Cuba","Fruits and Vegetables",2014,678.368887581919,509.15,77.15,"CUB"
"Cuba","Oilseeds and Pulses",2014,35.7838585288629,64.38,77.15,"CUB"
"Cuba","Meat",2014,57.2862667928433,103.42,77.15,"CUB"
"Cuba","Fish and Seafood",2014,8.98608106554405,12.57,77.15,"CUB"
"Cuba","Dairy and Eggs",2014,113.04810911921,205.99,77.15,"CUB"
"Cuba","Cereals",2014,163.354116512926,366.62,77.15,"CUB"
"Cyprus","Cereals",2014,11.0220430620764,201.61,21.34,"CYP"
"Cyprus","Fruits and Vegetables",2014,423.561369099793,349.72,21.34,"CYP"
"Cyprus","Meat",2014,128.328072794175,147.93,21.34,"CYP"
"Cyprus","Fish and Seafood",2014,9.44746548177976,47.87,21.34,"CYP"
"Cyprus","Oilseeds and Pulses",2014,22.0440861241528,55.15,21.34,"CYP"
"Cyprus","Dairy and Eggs",2014,346.407067665258,227.58,21.34,"CYP"
"Denmark","Fish and Seafood",2014,250.812420112284,49.59,347.2,"DNK"
"Denmark","Fruits and Vegetables",2014,116.116861163095,314.78,347.2,"DNK"
"Denmark","Cereals",2014,3138.03815278415,262.05,347.2,"DNK"
"Denmark","Dairy and Eggs",2014,1706.51745612796,623.81,347.2,"DNK"
"Denmark","Oilseeds and Pulses",2014,274.035792344903,13.7,347.2,"DNK"
"Denmark","Meat",2014,742.50726669256,171.77,347.2,"DNK"
"Djibouti","Dairy and Eggs",2014,32.3021252920886,55.64,1.58,"DJI"
"Djibouti","Fish and Seafood",2014,4.03776566151107,7.62,1.58,"DJI"
"Djibouti","Meat",2014,27.2549182151997,38.03,1.58,"DJI"
"Djibouti","Fruits and Vegetables",2014,78.7364303994659,257.43,1.58,"DJI"
"Djibouti","Cereals",2014,0,335.56,1.58,"DJI"
"Djibouti","Oilseeds and Pulses",2014,4.03776566151107,56.29,1.58,"DJI"
"Dominica","Fish and Seafood",2014,25.5257456387169,65.35,0.51,"DMA"
"Dominica","Dairy and Eggs",2014,178.680219471019,158.84,0.51,"DMA"
"Dominica","Cereals",2014,0,136.79,0.51,"DMA"
"Dominica","Oilseeds and Pulses",2014,229.731710748452,71.68,0.51,"DMA"
"Dominica","Fruits and Vegetables",2014,1595.35910241981,939.97,0.51,"DMA"
"Dominica","Meat",2014,25.5257456387169,119.95,0.51,"DMA"
"Dominican Republic","Meat",2014,86.8347638703889,110.47,64.05,"DOM"
"Dominican Republic","Fruits and Vegetables",2014,819.084751081633,656.15,64.05,"DOM"
"Dominican Republic","Dairy and Eggs",2014,136.811606385721,167.48,64.05,"DOM"
"Dominican Republic","Cereals",2014,152.875591479934,218.86,64.05,"DOM"
"Dominican Republic","Oilseeds and Pulses",2014,136.99009510899,82.88,64.05,"DOM"
"Dominican Republic","Fish and Seafood",2014,2.85581957230467,17.99,64.05,"DOM"
"Ecuador","Fish and Seafood",2014,117.835141275238,16.88,100.5,"ECU"
"Ecuador","Meat",2014,117.1526983721,125.06,100.5,"ECU"
"Ecuador","Fruits and Vegetables",2014,1036.40328889959,307.11,100.5,"ECU"
"Ecuador","Oilseeds and Pulses",2014,470.146290020462,37.96,100.5,"ECU"
"Ecuador","Dairy and Eggs",2014,255.404256499564,256.71,100.5,"ECU"
"Ecuador","Cereals",2014,351.116873664731,301.18,100.5,"ECU"
"Egypt","Meat",2014,48.3465961055314,60.73,284.9,"EGY"
"Egypt","Dairy and Eggs",2014,122.667323216919,107.96,284.9,"EGY"
"Egypt","Oilseeds and Pulses",2014,29.3049195319064,29.97,284.9,"EGY"
"Egypt","Fruits and Vegetables",2014,623.359079149427,567.27,284.9,"EGY"
"Egypt","Cereals",2014,468.056047874551,534.77,284.9,"EGY"
"Egypt","Fish and Seafood",2014,29.7363168410033,48.35,284.9,"EGY"
"El Salvador","Meat",2014,43.5209233169132,60.84,25.14,"SLV"
"El Salvador","Dairy and Eggs",2014,180.280381024697,256.77,25.14,"SLV"
"El Salvador","Cereals",2014,288.794471281769,272.7,25.14,"SLV"
"El Salvador","Fruits and Vegetables",2014,106.208345975381,227.63,25.14,"SLV"
"El Salvador","Fish and Seafood",2014,18.7341722887375,16.57,25.14,"SLV"
"El Salvador","Oilseeds and Pulses",2014,61.5345505176223,62.18,25.14,"SLV"
"Estonia","Oilseeds and Pulses",2014,321.168907831161,26.2,26.36,"EST"
"Estonia","Meat",2014,113.718604704166,133.5,26.36,"EST"
"Estonia","Dairy and Eggs",2014,1133.74002871729,714.52,26.36,"EST"
"Estonia","Fish and Seafood",2014,97.1777167471966,25.29,26.36,"EST"
"Estonia","Cereals",2014,1711.98190354636,258.88,26.36,"EST"
"Estonia","Fruits and Vegetables",2014,98.5561240769441,321.83,26.36,"EST"
"Ethiopia","Fish and Seafood",2014,0.924809463876887,1.01,49.86,"ETH"
"Ethiopia","Oilseeds and Pulses",2014,68.5653736518324,52.42,49.86,"ETH"
"Ethiopia","Cereals",2014,436.658036464111,309.21,49.86,"ETH"
"Ethiopia","Dairy and Eggs",2014,68.8058241124404,71.41,49.86,"ETH"
"Ethiopia","Meat",2014,14.6952223810037,15.37,49.86,"ETH"
"Ethiopia","Fruits and Vegetables",2014,47.0820498059723,43.11,49.86,"ETH"
"Fiji","Fruits and Vegetables",2014,123.547613826534,176.83,4.17,"FJI"
"Fiji","Dairy and Eggs",2014,139.252818973974,64.4,4.17,"FJI"
"Fiji","Fish and Seafood",2014,93.1842172081482,73.49,4.17,"FJI"
"Fiji","Cereals",2014,16.7522188239368,300.93,4.17,"FJI"
"Fiji","Oilseeds and Pulses",2014,435.557689422356,168.39,4.17,"FJI"
"Fiji","Meat",2014,58.6327658837786,96,4.17,"FJI"
"Finland","Fruits and Vegetables",2014,100.661570913006,307.44,276.3,"FIN"
"Finland","Cereals",2014,1372.38597175455,230.06,276.3,"FIN"
"Finland","Dairy and Eggs",2014,836.354801232649,909.3,276.3,"FIN"
"Finland","Meat",2014,154.812845034524,166.12,276.3,"FIN"
"Finland","Fish and Seafood",2014,64.9483073052563,71.65,276.3,"FIN"
"Finland","Oilseeds and Pulses",2014,50.99521826781,21.63,276.3,"FIN"
"France","Dairy and Eggs",2014,767.821306346198,537.8,2902,"FRA"
"France","Oilseeds and Pulses",2014,291.204554195865,48.05,2902,"FRA"
"France","Fruits and Vegetables",2014,407.751383199714,365.24,2902,"FRA"
"France","Meat",2014,186.867796764628,199.21,2902,"FRA"
"France","Fish and Seafood",2014,20.8730042971607,68.32,2902,"FRA"
"France","Cereals",2014,2051.37681636239,258.63,2902,"FRA"
"French Polynesia","Cereals",2014,0,207.41,7.15,"PYF"
"French Polynesia","Oilseeds and Pulses",2014,821.374714758925,139.12,7.15,"PYF"
"French Polynesia","Fruits and Vegetables",2014,143.573629002576,229.55,7.15,"PYF"
"French Polynesia","Meat",2014,13.3556864188443,194.45,7.15,"PYF"
"French Polynesia","Dairy and Eggs",2014,26.7113728376886,97.08,7.15,"PYF"
"French Polynesia","Fish and Seafood",2014,96.8287265366213,97.86,7.15,"PYF"
"Gabon","Meat",2014,38.525745832891,143.95,20.68,"GAB"
"Gabon","Dairy and Eggs",2014,15.4102983331564,30.56,20.68,"GAB"
"Gabon","Oilseeds and Pulses",2014,52.9729005202251,38.11,20.68,"GAB"
"Gabon","Fruits and Vegetables",2014,397.296753901688,338.64,20.68,"GAB"
"Gabon","Fish and Seafood",2014,35.6363148954241,73.74,20.68,"GAB"
"Gabon","Cereals",2014,48.1571822911137,252.82,20.68,"GAB"
"Georgia","Fish and Seafood",2014,6.74435173505877,15.98,16.13,"GEO"
"Georgia","Fruits and Vegetables",2014,290.906371505535,211.61,16.13,"GEO"
"Georgia","Oilseeds and Pulses",2014,26.0781600422272,20.1,16.13,"GEO"
"Georgia","Dairy and Eggs",2014,283.937208045974,314.24,16.13,"GEO"
"Georgia","Cereals",2014,170.182475447983,398.8,16.13,"GEO"
"Georgia","Meat",2014,33.2721352262899,71.38,16.13,"GEO"
"Germany","Dairy and Eggs",2014,750.916235136042,559.53,3820,"DEU"
"Germany","Meat",2014,232.280600471109,190.74,3820,"DEU"
"Germany","Oilseeds and Pulses",2014,209.492486898158,37.46,3820,"DEU"
"Germany","Fish and Seafood",2014,6.17038852366312,26.28,3820,"DEU"
"Germany","Fruits and Vegetables",2014,146.763916202724,320.38,3820,"DEU"
"Germany","Cereals",2014,1158.56284157299,229.43,3820,"DEU"
"Ghana","Fruits and Vegetables",2014,415.963666326654,423.22,35.48,"GHA"
"Ghana","Fish and Seafood",2014,21.6928900727911,45.01,35.48,"GHA"
"Ghana","Oilseeds and Pulses",2014,256.216024223796,63.82,35.48,"GHA"
"Ghana","Meat",2014,15.7281783630682,34.3,35.48,"GHA"
"Ghana","Cereals",2014,185.805768119636,185.8,35.48,"GHA"
"Ghana","Dairy and Eggs",2014,5.53152035650281,14.6,35.48,"GHA"
"Greece","Cereals",2014,723.52968426738,274.44,246.4,"GRC"
"Greece","Dairy and Eggs",2014,360.535647005175,502.45,246.4,"GRC"
"Greece","Meat",2014,79.3466648476002,159.03,246.4,"GRC"
"Greece","Fruits and Vegetables",2014,1044.90063131573,511.29,246.4,"GRC"
"Greece","Fish and Seafood",2014,27.9747856834488,35.53,246.4,"GRC"
"Greece","Oilseeds and Pulses",2014,461.499191699077,113.13,246.4,"GRC"
"Grenada","Oilseeds and Pulses",2014,116.626170798898,66.65,0.84,"GRD"
"Grenada","Cereals",2014,0,158.31,0.84,"GRD"
"Grenada","Fruits and Vegetables",2014,324.887190082645,304.64,0.84,"GRD"
"Grenada","Meat",2014,16.6608815426997,117.17,0.84,"GRD"
"Grenada","Fish and Seafood",2014,41.6522038567493,55.38,0.84,"GRD"
"Grenada","Dairy and Eggs",2014,33.3217630853994,69.28,0.84,"GRD"
"Guatemala","Dairy and Eggs",2014,86.9398633695153,104.47,58.3,"GTM"
"Guatemala","Cereals",2014,216.609017385909,263.66,58.3,"GTM"
"Guatemala","Fruits and Vegetables",2014,748.446254970722,218.5,58.3,"GTM"
"Guatemala","Fish and Seafood",2014,4.38687383974618,5.49,58.3,"GTM"
"Guatemala","Meat",2014,55.8329397785878,71,58.3,"GTM"
"Guatemala","Oilseeds and Pulses",2014,282.355152594572,57.66,58.3,"GTM"
"Guinea","Cereals",2014,554.432505035432,394.35,6.77,"GIN"
"Guinea","Oilseeds and Pulses",2014,253.582702596543,57.09,6.77,"GIN"
"Guinea","Fruits and Vegetables",2014,295.561744797318,296.58,6.77,"GIN"
"Guinea","Dairy and Eggs",2014,39.538400212358,41.36,6.77,"GIN"
"Guinea","Meat",2014,22.4539062934379,26.35,6.77,"GIN"
"Guinea","Fish and Seafood",2014,20.9895211003876,21.76,6.77,"GIN"
"Guinea-Bissau","Cereals",2014,179.031333459384,309.7,1.04,"GNB"
"Guinea-Bissau","Fish and Seafood",2014,6.96828543404788,2.82,1.04,"GNB"
"Guinea-Bissau","Oilseeds and Pulses",2014,379.503545177377,44.83,1.04,"GNB"
"Guinea-Bissau","Dairy and Eggs",2014,41.8097126042873,37.26,1.04,"GNB"
"Guinea-Bissau","Fruits and Vegetables",2014,148.478081940866,139.59,1.04,"GNB"
"Guinea-Bissau","Meat",2014,36.4494930396351,38.15,1.04,"GNB"
"Guyana","Cereals",2014,1518.74876208441,352.37,3.14,"GUY"
"Guyana","Dairy and Eggs",2014,125.96820718384,164.6,3.14,"GUY"
"Guyana","Fruits and Vegetables",2014,381.469759490686,392.83,3.14,"GUY"
"Guyana","Oilseeds and Pulses",2014,193.705828027981,91.15,3.14,"GUY"
"Guyana","Meat",2014,78.4330346616364,92.65,3.14,"GUY"
"Guyana","Fish and Seafood",2014,116.4611726794,61.92,3.14,"GUY"
"Haiti","Oilseeds and Pulses",2014,50.9103242863548,59.23,8.92,"HTI"
"Haiti","Fruits and Vegetables",2014,284.392639214485,254.01,8.92,"HTI"
"Haiti","Meat",2014,19.9513433014093,33.9,8.92,"HTI"
"Haiti","Dairy and Eggs",2014,19.2633659461883,17.48,8.92,"HTI"
"Haiti","Cereals",2014,101.046674048086,235.88,8.92,"HTI"
"Haiti","Fish and Seafood",2014,3.00990092909192,10.71,8.92,"HTI"
"Honduras","Fish and Seafood",2014,16.1064111912225,6.64,19.37,"HND"
"Honduras","Cereals",2014,135.739566014076,266.11,19.37,"HND"
"Honduras","Meat",2014,50.4464954291119,68.58,19.37,"HND"
"Honduras","Fruits and Vegetables",2014,398.203159702487,177.15,19.37,"HND"
"Honduras","Dairy and Eggs",2014,167.749792029336,188.44,19.37,"HND"
"Honduras","Oilseeds and Pulses",2014,523.610310990119,49.46,19.37,"HND"
"Hungary","Fish and Seafood",2014,4.25604819586761,11.18,129.7,"HUN"
"Hungary","Cereals",2014,3074.71725315375,229.41,129.7,"HUN"
"Hungary","Oilseeds and Pulses",2014,572.253436770461,24.23,129.7,"HUN"
"Hungary","Fruits and Vegetables",2014,564.203954313059,307.7,129.7,"HUN"
"Hungary","Meat",2014,183.750254717241,160.09,129.7,"HUN"
"Hungary","Dairy and Eggs",2014,382.304155333152,387.8,129.7,"HUN"
"Iceland","Dairy and Eggs",2014,775.796539760796,516.34,16.2,"ISL"
"Iceland","Meat",2014,372.713640098603,196.41,16.2,"ISL"
"Iceland","Oilseeds and Pulses",2014,0,27.78,16.2,"ISL"
"Iceland","Cereals",2014,27.6084177850817,152.38,16.2,"ISL"
"Iceland","Fruits and Vegetables",2014,27.6084177850817,297.31,16.2,"ISL"
"Iceland","Fish and Seafood",2014,7840.79065096321,185.24,16.2,"ISL"
"India","Fish and Seafood",2014,13.8808465203367,12.4,2048,"IND"
"India","Fruits and Vegetables",2014,301.174597897159,277.34,2048,"IND"
"India","Meat",2014,10.9175826747926,7.68,2048,"IND"
"India","Oilseeds and Pulses",2014,113.615120883264,61.85,2048,"IND"
"India","Cereals",2014,414.597862850915,356.51,2048,"IND"
"India","Dairy and Eggs",2014,210.968001026273,186.66,2048,"IND"
"Indonesia","Cereals",2014,639.543036246735,537.69,856.1,"IDN"
"Indonesia","Fruits and Vegetables",2014,204.615084470514,204.99,856.1,"IDN"
"Indonesia","Meat",2014,24.3501337837842,24.71,856.1,"IDN"
"Indonesia","Fish and Seafood",2014,148.369404535949,74.4,856.1,"IDN"
"Indonesia","Dairy and Eggs",2014,21.2636974338536,21.07,856.1,"IDN"
"Indonesia","Oilseeds and Pulses",2014,1401.86436826162,142.53,856.1,"IDN"
"Iraq","Dairy and Eggs",2014,20.7736492700937,56.77,232.2,"IRQ"
"Iraq","Meat",2014,10.4922746313417,37.95,232.2,"IRQ"
"Iraq","Cereals",2014,371.658511941346,390.58,232.2,"IRQ"
"Iraq","Fish and Seafood",2014,4.53434984068034,7.73,232.2,"IRQ"
"Iraq","Oilseeds and Pulses",2014,6.01064978880883,40.82,232.2,"IRQ"
"Iraq","Fruits and Vegetables",2014,227.79835449604,275.07,232.2,"IRQ"
"Ireland","Oilseeds and Pulses",2014,29.9987259122857,37.21,245.8,"IRL"
"Ireland","Fruits and Vegetables",2014,107.446416993023,302.83,245.8,"IRL"
"Ireland","Meat",2014,522.330757060975,190.96,245.8,"IRL"
"Ireland","Fish and Seafood",2014,133.131600617268,43.7,245.8,"IRL"
"Ireland","Cereals",2014,1020.15275112172,237.27,245.8,"IRL"
"Ireland","Dairy and Eggs",2014,2335.97921907825,606.52,245.8,"IRL"
"Israel","Dairy and Eggs",2014,380.928970577563,408.11,305,"ISR"
"Israel","Oilseeds and Pulses",2014,55.4414511453093,85.43,305,"ISR"
"Israel","Cereals",2014,86.0497522984489,283.73,305,"ISR"
"Israel","Fish and Seafood",2014,5.89065418418912,47.71,305,"ISR"
"Israel","Meat",2014,173.832049945189,201.83,305,"ISR"
"Israel","Fruits and Vegetables",2014,725.127979771358,537.49,305,"ISR"
"Italy","Meat",2014,112.884498280241,167.46,2129,"ITA"
"Italy","Fruits and Vegetables",2014,868.536363248105,498.09,2129,"ITA"
"Italy","Dairy and Eggs",2014,374.514633844742,529.68,2129,"ITA"
"Italy","Cereals",2014,582.953749998758,314.33,2129,"ITA"
"Italy","Oilseeds and Pulses",2014,122.976075085392,80.56,2129,"ITA"
"Italy","Fish and Seafood",2014,9.98645621343091,56.38,2129,"ITA"
"Jamaica","Fish and Seafood",2014,8.20370834115904,43.07,13.92,"JAM"
"Jamaica","Meat",2014,81.7215561676996,130.09,13.92,"JAM"
"Jamaica","Dairy and Eggs",2014,130.628278970763,143.16,13.92,"JAM"
"Jamaica","Oilseeds and Pulses",2014,203.830599553413,54.73,13.92,"JAM"
"Jamaica","Fruits and Vegetables",2014,360.963167010998,366.11,13.92,"JAM"
"Jamaica","Cereals",2014,1.57763621945366,220.74,13.92,"JAM"
"Japan","Dairy and Eggs",2014,139.713776435484,153.86,4770,"JPN"
"Japan","Fruits and Vegetables",2014,190.576697427702,256.3,4770,"JPN"
"Japan","Fish and Seafood",2014,67.7157758325282,100.13,4770,"JPN"
"Japan","Cereals",2014,164.274635862564,287.05,4770,"JPN"
"Japan","Meat",2014,61.9613151079702,99.36,4770,"JPN"
"Japan","Oilseeds and Pulses",2014,27.7318291744377,46.11,4770,"JPN"
"Jordan","Meat",2014,50.7561322505306,78.04,36.55,"JOR"
"Jordan","Dairy and Eggs",2014,85.03432176642,87.2,36.55,"JOR"
"Jordan","Oilseeds and Pulses",2014,26.9546594116044,63.14,36.55,"JOR"
"Jordan","Cereals",2014,18.5122566524981,282.26,36.55,"JOR"
"Jordan","Fish and Seafood",2014,0.305147087678541,11.23,36.55,"JOR"
"Jordan","Fruits and Vegetables",2014,415.50861772228,271.63,36.55,"JOR"
"Kazakhstan","Fruits and Vegetables",2014,599.280603168769,543.66,225.6,"KAZ"
"Kazakhstan","Fish and Seafood",2014,3.77499592547256,9.4,225.6,"KAZ"
"Kazakhstan","Cereals",2014,1795.06299306117,214.88,225.6,"KAZ"
"Kazakhstan","Dairy and Eggs",2014,558.646966470974,565.12,225.6,"KAZ"
"Kazakhstan","Meat",2014,109.527312337669,145,225.6,"KAZ"
"Kazakhstan","Oilseeds and Pulses",2014,229.435863470388,47.12,225.6,"KAZ"
"Kenya","Oilseeds and Pulses",2014,60.239337701065,47.43,62.72,"KEN"
"Kenya","Cereals",2014,164.244953325542,282.95,62.72,"KEN"
"Kenya","Meat",2014,31.2755026438938,32.93,62.72,"KEN"
"Kenya","Fish and Seafood",2014,7.47892454527896,8.12,62.72,"KEN"
"Kenya","Fruits and Vegetables",2014,221.80353365713,228.9,62.72,"KEN"
"Kenya","Dairy and Eggs",2014,180.679161547116,167.41,62.72,"KEN"
"Kiribati","Fruits and Vegetables",2014,248.793765426456,243.13,0.16,"KIR"
"Kiribati","Fish and Seafood",2014,2006.93637444008,150.69,0.16,"KIR"
"Kiribati","Meat",2014,33.1725020568608,56.48,0.16,"KIR"
"Kiribati","Cereals",2014,0,201.63,0.16,"KIR"
"Kiribati","Dairy and Eggs",2014,0,8.26,0.16,"KIR"
"Kiribati","Oilseeds and Pulses",2014,2836.2489258616,283.31,0.16,"KIR"
"Kuwait","Meat",2014,52.1068399919804,143.66,179.3,"KWT"
"Kuwait","Fish and Seafood",2014,2.45786981094247,25.3,179.3,"KWT"
"Kuwait","Fruits and Vegetables",2014,221.208282984822,588.4,179.3,"KWT"
"Kuwait","Oilseeds and Pulses",2014,0,51.63,179.3,"KWT"
"Kuwait","Dairy and Eggs",2014,65.3793369710697,90.14,179.3,"KWT"
"Kuwait","Cereals",2014,26.2992069770844,304.5,179.3,"KWT"
"Kyrgyzstan","Fish and Seafood",2014,0.310438991672555,6,7.65,"KGZ"
"Kyrgyzstan","Oilseeds and Pulses",2014,63.9504322845464,23.8,7.65,"KGZ"
"Kyrgyzstan","Meat",2014,78.3858453973202,80.23,7.65,"KGZ"
"Kyrgyzstan","Dairy and Eggs",2014,456.966195742001,417.89,7.65,"KGZ"
"Kyrgyzstan","Cereals",2014,420.800053212149,343.96,7.65,"KGZ"
"Kyrgyzstan","Fruits and Vegetables",2014,427.319272037272,369.5,7.65,"KGZ"
"Latvia","Dairy and Eggs",2014,928.630116959064,392.84,32.82,"LVA"
"Latvia","Oilseeds and Pulses",2014,231.59649122807,25.4,32.82,"LVA"
"Latvia","Cereals",2014,2000.88596491228,253.12,32.82,"LVA"
"Latvia","Meat",2014,105.47514619883,153.72,32.82,"LVA"
"Latvia","Fruits and Vegetables",2014,185.815789473684,343.42,32.82,"LVA"
"Latvia","Fish and Seafood",2014,106.372807017544,48.02,32.82,"LVA"
"Lebanon","Fruits and Vegetables",2014,539.004414602047,454.38,47.5,"LBN"
"Lebanon","Cereals",2014,51.7270365626158,277.13,47.5,"LBN"
"Lebanon","Oilseeds and Pulses",2014,45.3517155296884,80.35,47.5,"LBN"
"Lebanon","Meat",2014,43.1783106320995,67.45,47.5,"LBN"
"Lebanon","Fish and Seafood",2014,1.15914927871408,18.88,47.5,"LBN"
"Lebanon","Dairy and Eggs",2014,113.017054674623,146.39,47.5,"LBN"
"Lesotho","Fruits and Vegetables",2014,40.8433915358415,80.91,2.46,"LSO"
"Lesotho","Fish and Seafood",2014,0.887899815996555,5.88,2.46,"LSO"
"Lesotho","Cereals",2014,96.7810799436245,357.84,2.46,"LSO"
"Lesotho","Meat",2014,21.3095955839173,58.44,2.46,"LSO"
"Lesotho","Oilseeds and Pulses",2014,3.55159926398622,30.29,2.46,"LSO"
"Lesotho","Dairy and Eggs",2014,38.1796920878519,43.82,2.46,"LSO"
"Liberia","Cereals",2014,98.6362435227812,226.16,2.07,"LBR"
"Liberia","Fruits and Vegetables",2014,129.434057956055,133.81,2.07,"LBR"
"Liberia","Dairy and Eggs",2014,6.24280022296084,7.04,2.07,"LBR"
"Liberia","Fish and Seafood",2014,6.24280022296084,14.7,2.07,"LBR"
"Liberia","Oilseeds and Pulses",2014,103.63048370115,43.57,2.07,"LBR"
"Liberia","Meat",2014,15.1908138758714,38.11,2.07,"LBR"
"Lithuania","Dairy and Eggs",2014,1149.74212014134,735.55,48.72,"LTU"
"Lithuania","Oilseeds and Pulses",2014,466.796521958607,29.73,48.72,"LTU"
"Lithuania","Meat",2014,174.628914689551,173.4,48.72,"LTU"
"Lithuania","Cereals",2014,3146.06812216053,279.38,48.72,"LTU"
"Lithuania","Fruits and Vegetables",2014,187.146022211005,282.68,48.72,"LTU"
"Lithuania","Fish and Seafood",2014,57.7008127208481,63.4,48.72,"LTU"
"Luxembourg","Fish and Seafood",2014,0,70.34,63.93,"LUX"
"Luxembourg","Fruits and Vegetables",2014,73.6192112096949,372.43,63.93,"LUX"
"Luxembourg","Oilseeds and Pulses",2014,57.2593864964293,28.93,63.93,"LUX"
"Luxembourg","Cereals",2014,552.962075308375,209.99,63.93,"LUX"
"Luxembourg","Meat",2014,91.6150183942869,182.48,63.93,"LUX"
"Luxembourg","Dairy and Eggs",2014,1065.02458883359,324.29,63.93,"LUX"
"Madagascar","Fruits and Vegetables",2014,128.252483373174,123.17,11.19,"MDG"
"Madagascar","Dairy and Eggs",2014,43.1482117975116,45.26,11.19,"MDG"
"Madagascar","Cereals",2014,334.571695756106,352.84,11.19,"MDG"
"Madagascar","Meat",2014,28.9193005986887,30.1,11.19,"MDG"
"Madagascar","Oilseeds and Pulses",2014,25.1890184735919,13.89,11.19,"MDG"
"Madagascar","Fish and Seafood",2014,8.57580323604731,7.3,11.19,"MDG"
"Malawi","Fruits and Vegetables",2014,456.055444441375,316.82,4.41,"MWI"
"Malawi","Fish and Seafood",2014,13.4772765361842,15.56,4.41,"MWI"
"Malawi","Cereals",2014,472.985576949639,315.6,4.41,"MWI"
"Malawi","Oilseeds and Pulses",2014,157.940315109994,54.97,4.41,"MWI"
"Malawi","Meat",2014,34.1944123686658,33.38,4.41,"MWI"
"Malawi","Dairy and Eggs",2014,21.3854305367552,9.89,4.41,"MWI"
"Malaysia","Fruits and Vegetables",2014,148.50125106306,220.91,336.9,"MYS"
"Malaysia","Dairy and Eggs",2014,50.2699060154152,44.06,336.9,"MYS"
"Malaysia","Cereals",2014,117.215448527787,335.6,336.9,"MYS"
"Malaysia","Meat",2014,130.00314063201,115.23,336.9,"MYS"
"Malaysia","Fish and Seafood",2014,120.617399871428,115.23,336.9,"MYS"
"Malaysia","Oilseeds and Pulses",2014,7294.63416860305,54.09,336.9,"MYS"
"Maldives","Oilseeds and Pulses",2014,8.3417392703616,29.8,2.41,"MDV"
"Maldives","Dairy and Eggs",2014,0,69.62,2.41,"MDV"
"Maldives","Meat",2014,0,38.9,2.41,"MDV"
"Maldives","Fruits and Vegetables",2014,27.1106526286752,251.13,2.41,"MDV"
"Maldives","Cereals",2014,0,243.98,2.41,"MDV"
"Maldives","Fish and Seafood",2014,533.871313303142,293.5,2.41,"MDV"
"Mali","Cereals",2014,747.960310519357,470.78,12.04,"MLI"
"Mali","Dairy and Eggs",2014,165.856261378594,178.6,12.04,"MLI"
"Mali","Fish and Seafood",2014,8.78566759240614,12.79,12.04,"MLI"
"Mali","Fruits and Vegetables",2014,191.623981573395,198.39,12.04,"MLI"
"Mali","Oilseeds and Pulses",2014,138.05283771726,62.01,12.04,"MLI"
"Mali","Meat",2014,46.6604662986936,52.4,12.04,"MLI"
"Malta","Cereals",2014,71.6975592747559,271.63,10.57,"MLT"
"Malta","Dairy and Eggs",2014,210.875174337517,230.92,10.57,"MLT"
"Malta","Meat",2014,61.15380055788,191.18,10.57,"MLT"
"Malta","Fruits and Vegetables",2014,400.662831241283,539.31,10.57,"MLT"
"Malta","Oilseeds and Pulses",2014,6.32625523012552,42.12,10.57,"MLT"
"Malta","Fish and Seafood",2014,25.3050209205021,65.01,10.57,"MLT"
"Mauritania","Meat",2014,66.2347286880867,73.68,4.29,"MRT"
"Mauritania","Oilseeds and Pulses",2014,25.3861329466534,54.98,4.29,"MRT"
"Mauritania","Fruits and Vegetables",2014,14.308547660841,87.87,4.29,"MRT"
"Mauritania","Fish and Seafood",2014,181.857025108754,17.55,4.29,"MRT"
"Mauritania","Dairy and Eggs",2014,168.240826528276,196.67,4.29,"MRT"
"Mauritania","Cereals",2014,172.164137983668,389.68,4.29,"MRT"
"Mauritius","Dairy and Eggs",2014,24.5309935102119,51.32,12.72,"MUS"
"Mauritius","Fish and Seafood",2014,12.2654967551059,46.62,12.72,"MUS"
"Mauritius","Fruits and Vegetables",2014,140.692462779156,217.84,12.72,"MUS"
"Mauritius","Cereals",2014,2.88599923649551,344.26,12.72,"MUS"
"Mauritius","Oilseeds and Pulses",2014,2.88599923649551,68.47,12.72,"MUS"
"Mauritius","Meat",2014,75.0359801488834,107.12,12.72,"MUS"
"Mexico","Cereals",2014,550.641969353529,345.33,1296,"MEX"
"Mexico","Meat",2014,102.548615293756,137.08,1296,"MEX"
"Mexico","Dairy and Eggs",2014,209.838360982203,264.02,1296,"MEX"
"Mexico","Fruits and Vegetables",2014,479.329036660091,339.2,1296,"MEX"
"Mexico","Fish and Seafood",2014,26.0422981139234,29.67,1296,"MEX"
"Mexico","Oilseeds and Pulses",2014,89.2448074294797,49.98,1296,"MEX"
"Mongolia","Fish and Seafood",2014,0,1.55,11.73,"MNG"
"Mongolia","Fruits and Vegetables",2014,65.4136137763553,132.53,11.73,"MNG"
"Mongolia","Dairy and Eggs",2014,352.678115784784,322.02,11.73,"MNG"
"Mongolia","Oilseeds and Pulses",2014,10.490862586774,16.84,11.73,"MNG"
"Mongolia","Meat",2014,191.612519599607,191.06,11.73,"MNG"
"Mongolia","Cereals",2014,320.588418460534,256.82,11.73,"MNG"
"Montenegro","Fish and Seafood",2014,4.34309172730755,23.97,4.66,"MNE"
"Montenegro","Oilseeds and Pulses",2014,7.23848621217924,35.34,4.66,"MNE"
"Montenegro","Fruits and Vegetables",2014,249.003925698966,394.23,4.66,"MNE"
"Montenegro","Cereals",2014,21.7154586365377,190.9,4.66,"MNE"
"Montenegro","Meat",2014,36.1924310608962,160.08,4.66,"MNE"
"Montenegro","Dairy and Eggs",2014,554.46804385293,777.48,4.66,"MNE"
"Morocco","Fruits and Vegetables",2014,521.800992824128,437.13,112.6,"MAR"
"Morocco","Dairy and Eggs",2014,149.851630013254,117.1,112.6,"MAR"
"Morocco","Oilseeds and Pulses",2014,82.5404428065217,45.2,112.6,"MAR"
"Morocco","Meat",2014,66.4887012771274,76.39,112.6,"MAR"
"Morocco","Cereals",2014,368.155314813017,530.4,112.6,"MAR"
"Morocco","Fish and Seafood",2014,73.8114792310329,34.09,112.6,"MAR"
"Mozambique","Oilseeds and Pulses",2014,81.2063789008601,51.43,16.59,"MOZ"
"Mozambique","Fruits and Vegetables",2014,104.467364612369,100.29,16.59,"MOZ"
"Mozambique","Fish and Seafood",2014,17.5320189042231,21.8,16.59,"MOZ"
"Mozambique","Meat",2014,19.4301705572394,21.74,16.59,"MOZ"
"Mozambique","Cereals",2014,118.582710541162,230.64,16.59,"MOZ"
"Mozambique","Dairy and Eggs",2014,41.8973837593048,36.15,16.59,"MOZ"
"Namibia","Oilseeds and Pulses",2014,18.3558295431552,31.72,13.11,"NAM"
"Namibia","Fruits and Vegetables",2014,96.5676249879037,131.74,13.11,"NAM"
"Namibia","Dairy and Eggs",2014,91.3801079430989,127.7,13.11,"NAM"
"Namibia","Meat",2014,71.4281193092345,68.73,13.11,"NAM"
"Namibia","Fish and Seafood",2014,387.866659042324,24.56,13.11,"NAM"
"Namibia","Cereals",2014,89.3849090797125,221.23,13.11,"NAM"
"Nepal","Fish and Seafood",2014,4.38319102296218,5.51,19.64,"NPL"
"Nepal","Fruits and Vegetables",2014,359.151929050717,361.81,19.64,"NPL"
"Nepal","Dairy and Eggs",2014,126.70793741763,102.4,19.64,"NPL"
"Nepal","Meat",2014,28.052422546958,30.05,19.64,"NPL"
"Nepal","Cereals",2014,645.711471390375,500.47,19.64,"NPL"
"Nepal","Oilseeds and Pulses",2014,60.0497170145819,46.7,19.64,"NPL"
"Netherlands","Meat",2014,342.842218922932,168.06,880.4,"NLD"
"Netherlands","Fruits and Vegetables",2014,632.947743143119,350.13,880.4,"NLD"
"Netherlands","Oilseeds and Pulses",2014,207.831984215499,41.4,880.4,"NLD"
"Netherlands","Fish and Seafood",2014,41.7275069083831,44.27,880.4,"NLD"
"Netherlands","Dairy and Eggs",2014,1452.62205194962,707.32,880.4,"NLD"
"Netherlands","Cereals",2014,189.680250193577,173.04,880.4,"NLD"
"New Caledonia","Dairy and Eggs",2014,20.3298349144693,86.86,11.1,"NCL"
"New Caledonia","Oilseeds and Pulses",2014,128.755621124972,91.06,11.1,"NCL"
"New Caledonia","Fish and Seafood",2014,33.8830581907821,51.22,11.1,"NCL"
"New Caledonia","Fruits and Vegetables",2014,111.814092029581,229.61,11.1,"NCL"
"New Caledonia","Cereals",2014,33.8830581907821,197.02,11.1,"NCL"
"New Caledonia","Meat",2014,54.2128931052514,154.53,11.1,"NCL"
"New Zealand","Fish and Seafood",2014,220.066639956388,49.34,201,"NZL"
"New Zealand","Oilseeds and Pulses",2014,16.8823685887121,32.88,201,"NZL"
"New Zealand","Dairy and Eggs",2014,8613.98030226402,248.11,201,"NZL"
"New Zealand","Cereals",2014,436.558190093989,213.84,201,"NZL"
"New Zealand","Meat",2014,785.328063526676,221.97,201,"NZL"
"New Zealand","Fruits and Vegetables",2014,943.426479957439,343.4,201,"NZL"
"Nicaragua","Meat",2014,84.3277557372699,64.91,11.85,"NIC"
"Nicaragua","Fish and Seafood",2014,24.0725467341068,12.83,11.85,"NIC"
"Nicaragua","Dairy and Eggs",2014,260.662852672997,178.49,11.85,"NIC"
"Nicaragua","Cereals",2014,248.70042147384,319.07,11.85,"NIC"
"Nicaragua","Oilseeds and Pulses",2014,144.878333412017,53.65,11.85,"NIC"
"Nicaragua","Fruits and Vegetables",2014,149.751916493155,110.21,11.85,"NIC"
"Niger","Fruits and Vegetables",2014,221.136062656378,214.36,8.29,"NER"
"Niger","Dairy and Eggs",2014,101.515126417736,99.05,8.29,"NER"
"Niger","Meat",2014,29.704844237424,32.52,8.29,"NER"
"Niger","Fish and Seafood",2014,4.43215136240929,5.27,8.29,"NER"
"Niger","Cereals",2014,463.53702174304,436.09,8.29,"NER"
"Niger","Oilseeds and Pulses",2014,206.566543816118,109.17,8.29,"NER"
"Nigeria","Fish and Seafood",2014,11.0309378825184,24.82,594.3,"NGA"
"Nigeria","Fruits and Vegetables",2014,277.578509625553,281.38,594.3,"NGA"
"Nigeria","Dairy and Eggs",2014,12.8719988437965,12.43,594.3,"NGA"
"Nigeria","Oilseeds and Pulses",2014,179.806858799241,61.36,594.3,"NGA"
"Nigeria","Cereals",2014,252.163640154501,293.73,594.3,"NGA"
"Nigeria","Meat",2014,16.1684236375933,17.15,594.3,"NGA"
"Norway","Fruits and Vegetables",2014,78.5056648133995,312.86,511.6,"NOR"
"Norway","Fish and Seafood",2014,1347.12192475308,101.69,511.6,"NOR"
"Norway","Oilseeds and Pulses",2014,58.7469356918248,48.13,511.6,"NOR"
"Norway","Dairy and Eggs",2014,590.115615282745,563.89,511.6,"NOR"
"Norway","Cereals",2014,437.161881814841,246.5,511.6,"NOR"
"Norway","Meat",2014,148.71972008471,146.48,511.6,"NOR"
"Oman","Dairy and Eggs",2014,104.070626182566,240.52,80.54,"OMN"
"Oman","Cereals",2014,18.246148746294,278.16,80.54,"OMN"
"Oman","Oilseeds and Pulses",2014,3.15365533886563,34.97,80.54,"OMN"
"Oman","Fish and Seafood",2014,95.2854434528687,54.62,80.54,"OMN"
"Oman","Fruits and Vegetables",2014,327.304371955126,491.35,80.54,"OMN"
"Oman","Meat",2014,44.6016969353853,106.9,80.54,"OMN"
"Pakistan","Fruits and Vegetables",2014,110.44798558931,92.96,237.5,"PAK"
"Pakistan","Meat",2014,34.3727434334634,36.2,237.5,"PAK"
"Pakistan","Dairy and Eggs",2014,380.724583178895,363.55,237.5,"PAK"
"Pakistan","Oilseeds and Pulses",2014,65.0341595691785,23.15,237.5,"PAK"
"Pakistan","Fish and Seafood",2014,5.80156169572916,3.67,237.5,"PAK"
"Pakistan","Cereals",2014,389.838005154092,281.25,237.5,"PAK"
"Panama","Fruits and Vegetables",2014,348.102546324183,210.91,44.69,"PAN"
"Panama","Dairy and Eggs",2014,117.894449556687,160.26,44.69,"PAN"
"Panama","Fish and Seafood",2014,97.8965744839554,27.7,44.69,"PAN"
"Panama","Cereals",2014,183.933943982919,332.68,44.69,"PAN"
"Panama","Oilseeds and Pulses",2014,49.2970873885951,43.35,44.69,"PAN"
"Panama","Meat",2014,146.030994717159,144.66,44.69,"PAN"
"Paraguay","Cereals",2014,1355.92577653257,204.76,31.3,"PRY"
"Paraguay","Meat",2014,218.289753967328,119.74,31.3,"PRY"
"Paraguay","Dairy and Eggs",2014,182.68707998903,192.26,31.3,"PRY"
"Paraguay","Oilseeds and Pulses",2014,3120.93864866134,52.63,31.3,"PRY"
"Paraguay","Fruits and Vegetables",2014,232.448346321632,242.19,31.3,"PRY"
"Paraguay","Fish and Seafood",2014,6.32325483784451,8.4,31.3,"PRY"
"Peru","Meat",2014,118.062278417407,56.97,208.2,"PER"
"Peru","Dairy and Eggs",2014,134.16168001978,126.01,208.2,"PER"
"Peru","Fish and Seafood",2014,227.321138730145,48.52,208.2,"PER"
"Peru","Oilseeds and Pulses",2014,80.2859671668933,41.93,208.2,"PER"
"Peru","Fruits and Vegetables",2014,547.13846494359,394.67,208.2,"PER"
"Peru","Cereals",2014,302.029597851272,317.11,208.2,"PER"
"Philippines","Meat",2014,64.4784317751888,80.39,284.6,"PHL"
"Philippines","Fruits and Vegetables",2014,410.057193566931,324.87,284.6,"PHL"
"Philippines","Cereals",2014,482.676659141282,438.42,284.6,"PHL"
"Philippines","Dairy and Eggs",2014,8.61036169002381,9.37,284.6,"PHL"
"Philippines","Oilseeds and Pulses",2014,301.335582541745,23.46,284.6,"PHL"
"Philippines","Fish and Seafood",2014,82.7370918369479,59.33,284.6,"PHL"
"Poland","Oilseeds and Pulses",2014,215.584238203737,17.92,552.2,"POL"
"Poland","Meat",2014,246.188054608046,180.38,552.2,"POL"
"Poland","Dairy and Eggs",2014,662.018898514062,377.31,552.2,"POL"
"Poland","Cereals",2014,1521.64080458186,295.02,552.2,"POL"
"Poland","Fruits and Vegetables",2014,484.754925364436,358.59,552.2,"POL"
"Poland","Fish and Seafood",2014,11.8604673691407,21.3,552.2,"POL"
"Portugal","Fruits and Vegetables",2014,729.877528982878,505.7,228.2,"PRT"
"Portugal","Fish and Seafood",2014,34.1340958436278,106.4,228.2,"PRT"
"Portugal","Oilseeds and Pulses",2014,112.851500544239,46.66,228.2,"PRT"
"Portugal","Meat",2014,159.698805554116,204.97,228.2,"PRT"
"Portugal","Dairy and Eggs",2014,383.486117590145,446.91,228.2,"PRT"
"Portugal","Cereals",2014,232.146682446714,266.95,228.2,"PRT"
"Romania","Dairy and Eggs",2014,468.173571179376,518.99,199,"ROU"
"Romania","Cereals",2014,1998.83853706816,316.16,199,"ROU"
"Romania","Fruits and Vegetables",2014,533.82653812426,547.18,199,"ROU"
"Romania","Fish and Seafood",2014,1.35833724713552,11.7,199,"ROU"
"Romania","Oilseeds and Pulses",2014,382.734158334552,38.09,199,"ROU"
"Romania","Meat",2014,117.586727693698,141.58,199,"ROU"
"Rwanda","Oilseeds and Pulses",2014,76.2015003207433,83.63,8,"RWA"
"Rwanda","Cereals",2014,132.513672415986,109.33,8,"RWA"
"Rwanda","Fish and Seafood",2014,4.41985071677781,10.5,8,"RWA"
"Rwanda","Fruits and Vegetables",2014,624.999630987321,589.83,8,"RWA"
"Rwanda","Dairy and Eggs",2014,38.3872219660887,39.63,8,"RWA"
"Rwanda","Meat",2014,18.9071391773273,20.05,8,"RWA"
"Saint Kitts and Nevis","Cereals",2014,0,129.05,0.81,"KNA"
"Saint Kitts and Nevis","Fish and Seafood",2014,625.398365176285,73.91,0.81,"KNA"
"Saint Kitts and Nevis","Fruits and Vegetables",2014,107.211148315935,154.8,0.81,"KNA"
"Saint Kitts and Nevis","Oilseeds and Pulses",2014,107.211148315935,73.15,0.81,"KNA"
"Saint Kitts and Nevis","Dairy and Eggs",2014,0,38.82,0.81,"KNA"
"Saint Kitts and Nevis","Meat",2014,0,178.86,0.81,"KNA"
"Saint Lucia","Meat",2014,45.791727425687,203.49,1.35,"LCA"
"Saint Lucia","Dairy and Eggs",2014,20.3518788558609,67.42,1.35,"LCA"
"Saint Lucia","Oilseeds and Pulses",2014,137.375182277061,38.3,1.35,"LCA"
"Saint Lucia","Fruits and Vegetables",2014,234.0466068424,218.77,1.35,"LCA"
"Saint Lucia","Cereals",2014,0,165.69,1.35,"LCA"
"Saint Lucia","Fish and Seafood",2014,20.3518788558609,67.56,1.35,"LCA"
"Saint Vincent and the Grenadines","Cereals",2014,16.667003490722,236.72,0.75,"VCT"
"Saint Vincent and the Grenadines","Fish and Seafood",2014,650.013136138159,36.6,0.75,"VCT"
"Saint Vincent and the Grenadines","Fruits and Vegetables",2014,1333.36027925776,360.96,0.75,"VCT"
"Saint Vincent and the Grenadines","Dairy and Eggs",2014,33.3340069814441,61.64,0.75,"VCT"
"Saint Vincent and the Grenadines","Oilseeds and Pulses",2014,58.3345122175271,38,0.75,"VCT"
"Saint Vincent and the Grenadines","Meat",2014,8.33350174536101,185.11,0.75,"VCT"
"Samoa","Oilseeds and Pulses",2014,1689.58604723754,355.77,0.83,"WSM"
"Samoa","Fruits and Vegetables",2014,457.792867547602,402.02,0.83,"WSM"
"Samoa","Meat",2014,47.1951409842888,206.47,0.83,"WSM"
"Samoa","Fish and Seafood",2014,70.7927114764333,97.2,0.83,"WSM"
"Samoa","Cereals",2014,0,118.35,0.83,"WSM"
"Samoa","Dairy and Eggs",2014,18.8780563937155,59.56,0.83,"WSM"
"Sao Tome and Principe","Dairy and Eggs",2014,9.26975936238696,24.12,0.36,"STP"
"Sao Tome and Principe","Cereals",2014,9.26975936238696,174.83,0.36,"STP"
"Sao Tome and Principe","Oilseeds and Pulses",2014,621.073877279926,285.42,0.36,"STP"
"Sao Tome and Principe","Fish and Seafood",2014,55.6185561743218,59.9,0.36,"STP"
"Sao Tome and Principe","Fruits and Vegetables",2014,454.218208756961,443.83,0.36,"STP"
"Sao Tome and Principe","Meat",2014,4.63487968119348,31.51,0.36,"STP"
"Saudi Arabia","Cereals",2014,88.1462948707167,358.47,777.9,"SAU"
"Saudi Arabia","Meat",2014,58.6566056746214,122.91,777.9,"SAU"
"Saudi Arabia","Oilseeds and Pulses",2014,9.33106583518239,55.14,777.9,"SAU"
"Saudi Arabia","Fruits and Vegetables",2014,165.288974369756,266.61,777.9,"SAU"
"Saudi Arabia","Fish and Seafood",2014,5.45779322435197,24.75,777.9,"SAU"
"Saudi Arabia","Dairy and Eggs",2014,145.130351008843,134.88,777.9,"SAU"
"Senegal","Cereals",2014,160.128289478326,425.39,15.88,"SEN"
"Senegal","Fish and Seafood",2014,58.8801064428695,41.87,15.88,"SEN"
"Senegal","Fruits and Vegetables",2014,141.504255809983,161.8,15.88,"SEN"
"Senegal","Oilseeds and Pulses",2014,134.976244008708,61.24,15.88,"SEN"
"Senegal","Meat",2014,30.0800543784225,32.26,15.88,"SEN"
"Senegal","Dairy and Eggs",2014,22.0800399160761,24.81,15.88,"SEN"
"Serbia","Cereals",2014,2218.54455013267,288.77,42.65,"SRB"
"Serbia","Meat",2014,119.791822361375,125.44,42.65,"SRB"
"Serbia","Oilseeds and Pulses",2014,296.268115559282,29.94,42.65,"SRB"
"Serbia","Fruits and Vegetables",2014,464.996171736367,364.07,42.65,"SRB"
"Serbia","Dairy and Eggs",2014,348.160913501358,349.36,42.65,"SRB"
"Serbia","Fish and Seafood",2014,2.24291071655341,13.3,42.65,"SRB"
"Sierra Leone","Fish and Seafood",2014,53.2638207819414,57.96,5.41,"SLE"
"Sierra Leone","Oilseeds and Pulses",2014,122.170656890618,61.95,5.41,"SLE"
"Sierra Leone","Dairy and Eggs",2014,46.2826403881918,49.62,5.41,"SLE"
"Sierra Leone","Fruits and Vegetables",2014,154.749498728116,160.07,5.41,"SLE"
"Sierra Leone","Meat",2014,13.5745174322909,18.93,5.41,"SLE"
"Sierra Leone","Cereals",2014,338.199405741647,418.12,5.41,"SLE"
"Slovakia","Fish and Seafood",2014,1.00263594164456,16.89,99.75,"SVK"
"Slovakia","Cereals",2014,1575.64238229443,257.97,99.75,"SVK"
"Slovakia","Dairy and Eggs",2014,351.089685565871,311.62,99.75,"SVK"
"Slovakia","Oilseeds and Pulses",2014,274.889354000884,28.35,99.75,"SVK"
"Slovakia","Fruits and Vegetables",2014,68.5134560123784,217.05,99.75,"SVK"
"Slovakia","Meat",2014,60.9936864500442,124.11,99.75,"SVK"
"Slovenia","Fish and Seafood",2014,1.31635703195662,22.35,49.93,"SVN"
"Slovenia","Meat",2014,136.023559968851,177.08,49.93,"SVN"
"Slovenia","Oilseeds and Pulses",2014,28.082283348408,31.16,49.93,"SVN"
"Slovenia","Dairy and Eggs",2014,576.125594319682,484.91,49.93,"SVN"
"Slovenia","Fruits and Vegetables",2014,268.97562019647,398.71,49.93,"SVN"
"Slovenia","Cereals",2014,573.05409457845,293.92,49.93,"SVN"
"Solomon Islands","Meat",2014,10.8167455883355,25.98,1.16,"SLB"
"Solomon Islands","Fruits and Vegetables",2014,111.257954622879,123.99,1.16,"SLB"
"Solomon Islands","Dairy and Eggs",2014,12.3619949580977,14.48,1.16,"SLB"
"Solomon Islands","Oilseeds and Pulses",2014,2144.80612522995,163.64,1.16,"SLB"
"Solomon Islands","Fish and Seafood",2014,264.237642229338,74.49,1.16,"SLB"
"Solomon Islands","Cereals",2014,9.27149621857328,244.86,1.16,"SLB"
"South Africa","Dairy and Eggs",2014,126.470568909356,113.8,341.2,"ZAF"
"South Africa","Oilseeds and Pulses",2014,90.4454173762595,34.84,341.2,"ZAF"
"South Africa","Fish and Seafood",2014,20.6071850182393,14.39,341.2,"ZAF"
"South Africa","Fruits and Vegetables",2014,321.798075652054,140.21,341.2,"ZAF"
"South Africa","Cereals",2014,557.042647805385,378.24,341.2,"ZAF"
"South Africa","Meat",2014,116.142028234355,132.42,341.2,"ZAF"
"Spain","Dairy and Eggs",2014,338.900371927531,340.11,1400,"ESP"
"Spain","Cereals",2014,800.212139998499,227.92,1400,"ESP"
"Spain","Meat",2014,249.283283591215,201.91,1400,"ESP"
"Spain","Fish and Seafood",2014,52.5756170698447,88.19,1400,"ESP"
"Spain","Fruits and Vegetables",2014,1244.80676239842,423.95,1400,"ESP"
"Spain","Oilseeds and Pulses",2014,245.385202060031,84.18,1400,"ESP"
"Sri Lanka","Fish and Seafood",2014,49.0499771267878,61.31,71.57,"LKA"
"Sri Lanka","Cereals",2014,316.424718991404,432.17,71.57,"LKA"
"Sri Lanka","Dairy and Eggs",2014,33.1218261914875,25.99,71.57,"LKA"
"Sri Lanka","Fruits and Vegetables",2014,158.234178880545,169.53,71.57,"LKA"
"Sri Lanka","Meat",2014,16.5827324805866,16.21,71.57,"LKA"
"Sri Lanka","Oilseeds and Pulses",2014,269.513041579219,168.76,71.57,"LKA"
"Sudan","Fruits and Vegetables",2014,303.178106596906,302.08,70.03,"SDN"
"Sudan","Fish and Seafood",2014,1.69600106904982,2.02,70.03,"SDN"
"Sudan","Meat",2014,51.1189054615017,54.86,70.03,"SDN"
"Sudan","Dairy and Eggs",2014,212.334556377238,225.37,70.03,"SDN"
"Sudan","Cereals",2014,385.255003403317,253.57,70.03,"SDN"
"Sudan","Oilseeds and Pulses",2014,163.843258205813,54.56,70.03,"SDN"
"Suriname","Fish and Seafood",2014,132.813969671227,34.43,5.27,"SUR"
"Suriname","Cereals",2014,905.102608129846,322.63,5.27,"SUR"
"Suriname","Dairy and Eggs",2014,26.2348582066622,35.44,5.27,"SUR"
"Suriname","Fruits and Vegetables",2014,514.859092305746,327.69,5.27,"SUR"
"Suriname","Meat",2014,42.6316445858261,101.46,5.27,"SUR"
"Suriname","Oilseeds and Pulses",2014,52.4697164133244,52.27,5.27,"SUR"
"Sweden","Fish and Seafood",2014,37.908068195536,70.1,559.1,"SWE"
"Sweden","Dairy and Eggs",2014,594.454669407034,716.24,559.1,"SWE"
"Sweden","Meat",2014,130.572234895735,178.87,559.1,"SWE"
"Sweden","Oilseeds and Pulses",2014,96.3145732671766,25.32,559.1,"SWE"
"Sweden","Fruits and Vegetables",2014,77.5009394219846,313.51,559.1,"SWE"
"Sweden","Cereals",2014,1081.08194483566,201.34,559.1,"SWE"
"Switzerland","Fish and Seafood",2014,0.884411406288082,33.87,679,"CHE"
"Switzerland","Fruits and Vegetables",2014,190.811760906654,350.06,679,"CHE"
"Switzerland","Cereals",2014,219.776234462588,209.1,679,"CHE"
"Switzerland","Dairy and Eggs",2014,959.586375822569,685.87,679,"CHE"
"Switzerland","Meat",2014,137.083767974653,163.03,679,"CHE"
"Switzerland","Oilseeds and Pulses",2014,41.6778875213259,52.06,679,"CHE"
"Tajikistan","Fruits and Vegetables",2014,599.526100743624,433.97,9.16,"TJK"
"Tajikistan","Dairy and Eggs",2014,206.217632012292,113.16,9.16,"TJK"
"Tajikistan","Meat",2014,26.3817866113806,35.69,9.16,"TJK"
"Tajikistan","Cereals",2014,276.459138865092,297.67,9.16,"TJK"
"Tajikistan","Fish and Seafood",2014,0.43969644352301,1.21,9.16,"TJK"
"Tajikistan","Oilseeds and Pulses",2014,70.0216586310393,23.55,9.16,"TJK"
"Thailand","Dairy and Eggs",2014,58.2311001442896,54.75,373.8,"THA"
"Thailand","Cereals",2014,1012.50269825209,392.02,373.8,"THA"
"Thailand","Meat",2014,79.5723410348669,61.79,373.8,"THA"
"Thailand","Oilseeds and Pulses",2014,434.711798140673,49.42,373.8,"THA"
"Thailand","Fish and Seafood",2014,68.371503424595,47.49,373.8,"THA"
"Thailand","Fruits and Vegetables",2014,369.481831418604,258.69,373.8,"THA"
"Timor-Leste","Oilseeds and Pulses",2014,40.1706675295701,32.48,4.51,"TLS"
"Timor-Leste","Meat",2014,56.3934371088195,66.96,4.51,"TLS"
"Timor-Leste","Cereals",2014,295.099903774918,413.04,4.51,"TLS"
"Timor-Leste","Dairy and Eggs",2014,10.8151797194996,6.3,4.51,"TLS"
"Timor-Leste","Fish and Seafood",2014,7.72512837107116,13.92,4.51,"TLS"
"Timor-Leste","Fruits and Vegetables",2014,73.3887195251761,80.51,4.51,"TLS"
"Togo","Cereals",2014,333.363162650602,309.55,4.84,"TGO"
"Togo","Fish and Seafood",2014,4.95660058840011,21.11,4.84,"TGO"
"Togo","Fruits and Vegetables",2014,53.5058678901653,57.24,4.84,"TGO"
"Togo","Dairy and Eggs",2014,23.3849873914262,17.22,4.84,"TGO"
"Togo","Meat",2014,19.445125385262,27.03,4.84,"TGO"
"Togo","Oilseeds and Pulses",2014,130.269630848977,53.09,4.84,"TGO"
"Trinidad and Tobago","Dairy and Eggs",2014,9.32256028186589,69.92,29.63,"TTO"
"Trinidad and Tobago","Cereals",2014,14.6497375857893,257.64,29.63,"TTO"
"Trinidad and Tobago","Oilseeds and Pulses",2014,40.6197269424157,75.23,29.63,"TTO"
"Trinidad and Tobago","Fish and Seafood",2014,17.3133262377509,46.74,29.63,"TTO"
"Trinidad and Tobago","Fruits and Vegetables",2014,109.873031893419,183.41,29.63,"TTO"
"Trinidad and Tobago","Meat",2014,94.5573971446398,151.06,29.63,"TTO"
"Tunisia","Dairy and Eggs",2014,237.964682008822,240.81,49.12,"TUN"
"Tunisia","Cereals",2014,385.483104797888,420.98,49.12,"TUN"
"Tunisia","Meat",2014,64.2061840154747,64.32,49.12,"TUN"
"Tunisia","Fish and Seafood",2014,20.2540580483043,27.6,49.12,"TUN"
"Tunisia","Fruits and Vegetables",2014,795.32027939475,738.41,49.12,"TUN"
"Tunisia","Oilseeds and Pulses",2014,124.148355810254,75.9,49.12,"TUN"
"Turkey","Dairy and Eggs",2014,465.19078869848,388.44,813.3,"TUR"
"Turkey","Fish and Seafood",2014,12.5924075926663,10.15,813.3,"TUR"
"Turkey","Cereals",2014,769.017861818176,386.21,813.3,"TUR"
"Turkey","Oilseeds and Pulses",2014,194.289572371922,76.59,813.3,"TUR"
"Turkey","Fruits and Vegetables",2014,1000.75575079963,712.93,813.3,"TUR"
"Turkey","Meat",2014,81.5217431838658,78.11,813.3,"TUR"
"Turkmenistan","Fruits and Vegetables",2014,446.096975484466,421.34,43.5,"TKM"
"Turkmenistan","Fish and Seafood",2014,4.97876088710341,7.28,43.5,"TKM"
"Turkmenistan","Dairy and Eggs",2014,715.779856869234,283.54,43.5,"TKM"
"Turkmenistan","Meat",2014,119.490261290482,129.29,43.5,"TKM"
"Turkmenistan","Oilseeds and Pulses",2014,159.984183172256,20.2,43.5,"TKM"
"Turkmenistan","Cereals",2014,468.003523387721,412.59,43.5,"TKM"
"Uganda","Cereals",2014,176.022525487978,150.38,26.09,"UGA"
"Uganda","Meat",2014,24.7247501592999,26,26.09,"UGA"
"Uganda","Dairy and Eggs",2014,74.1742504778996,76.27,26.09,"UGA"
"Uganda","Fish and Seafood",2014,28.1164156881104,28.87,26.09,"UGA"
"Uganda","Fruits and Vegetables",2014,315.474048752259,308.41,26.09,"UGA"
"Uganda","Oilseeds and Pulses",2014,100.693142547367,82.76,26.09,"UGA"
"Ukraine","Oilseeds and Pulses",2014,879.704320048555,31.72,134.9,"UKR"
"Ukraine","Cereals",2014,2551.01181427453,255.45,134.9,"UKR"
"Ukraine","Dairy and Eggs",2014,495.787639878319,324.73,134.9,"UKR"
"Ukraine","Meat",2014,106.240208545354,109.3,134.9,"UKR"
"Ukraine","Fruits and Vegetables",2014,515.334390343223,464.83,134.9,"UKR"
"Ukraine","Fish and Seafood",2014,6.71668174411287,25.32,134.9,"UKR"
"United Arab Emirates","Cereals",2014,0.590732534780669,324.32,416.4,"ARE"
"United Arab Emirates","Dairy and Eggs",2014,40.0713569426221,102.3,416.4,"ARE"
"United Arab Emirates","Oilseeds and Pulses",2014,43.5172967288426,98.27,416.4,"ARE"
"United Arab Emirates","Fish and Seafood",2014,14.2760362571995,50.89,416.4,"ARE"
"United Arab Emirates","Fruits and Vegetables",2014,142.071174614751,413.74,416.4,"ARE"
"United Arab Emirates","Meat",2014,33.1794773701809,134.47,416.4,"ARE"
"United Kingdom","Oilseeds and Pulses",2014,105.398833973653,36.26,2848,"GBR"
"United Kingdom","Cereals",2014,679.622109027323,236.67,2848,"GBR"
"United Kingdom","Dairy and Eggs",2014,439.60784547648,475.06,2848,"GBR"
"United Kingdom","Fish and Seafood",2014,23.3372237307799,40.25,2848,"GBR"
"United Kingdom","Fruits and Vegetables",2014,95.5120600461152,343.81,2848,"GBR"
"United Kingdom","Meat",2014,117.448773024186,160.56,2848,"GBR"
"Uruguay","Dairy and Eggs",2014,1225.07484913717,441.35,55.6,"URY"
"Uruguay","Fish and Seafood",2014,34.6819970356777,18.43,55.6,"URY"
"Uruguay","Fruits and Vegetables",2014,351.622093023256,271.66,55.6,"URY"
"Uruguay","Cereals",2014,2144.14777058263,308.03,55.6,"URY"
"Uruguay","Meat",2014,389.505505169919,130.91,55.6,"URY"
"Uruguay","Oilseeds and Pulses",2014,1714.89136111797,40.15,55.6,"URY"
"Uzbekistan","Cereals",2014,470.551835758366,381.56,63.08,"UZB"
"Uzbekistan","Dairy and Eggs",2014,519.986314511843,432.62,63.08,"UZB"
"Uzbekistan","Fish and Seafood",2014,2.74304707196615,3.83,63.08,"UZB"
"Uzbekistan","Fruits and Vegetables",2014,889.522460272152,777.92,63.08,"UZB"
"Uzbekistan","Meat",2014,73.8535608397841,78.25,63.08,"UZB"
"Uzbekistan","Oilseeds and Pulses",2014,143.264578052145,26.75,63.08,"UZB"
"Vanuatu","Fish and Seafood",2014,395.340009094699,61.47,0.82,"VUT"
"Vanuatu","Fruits and Vegetables",2014,240.641744666338,262.66,0.82,"VUT"
"Vanuatu","Meat",2014,61.8793057713441,83.78,0.82,"VUT"
"Vanuatu","Oilseeds and Pulses",2014,2372.04005456819,327.17,0.82,"VUT"
"Vanuatu","Cereals",2014,6.87547841903824,168.85,0.82,"VUT"
"Vanuatu","Dairy and Eggs",2014,27.5019136761529,40.5,0.82,"VUT"
"Yemen","Cereals",2014,49.1823142418008,338.42,45.45,"YEM"
"Yemen","Dairy and Eggs",2014,32.2495460528379,35.28,45.45,"YEM"
"Yemen","Fish and Seafood",2014,15.4221685372504,10.91,45.45,"YEM"
"Yemen","Fruits and Vegetables",2014,121.972139319666,136.17,45.45,"YEM"
"Yemen","Meat",2014,35.3058755807213,45.87,45.45,"YEM"
"Yemen","Oilseeds and Pulses",2014,10.2580255418613,24.77,45.45,"YEM"
"Zambia","Cereals",2014,432.038020648333,290.95,25.61,"ZMB"
"Zambia","Dairy and Eggs",2014,55.0798403744467,31.86,25.61,"ZMB"
"Zambia","Fish and Seafood",2014,11.7817840373148,21.14,25.61,"ZMB"
"Zambia","Fruits and Vegetables",2014,62.6790910785147,69.49,25.61,"ZMB"
"Zambia","Meat",2014,44.3584169004902,31.49,25.61,"ZMB"
"Zambia","Oilseeds and Pulses",2014,63.2681802803804,38.67,25.61,"ZMB"
"Zimbabwe","Cereals",2014,165.589668138939,304.48,13.74,"ZWE"
"Zimbabwe","Dairy and Eggs",2014,60.2933348102668,65.19,13.74,"ZWE"
"Zimbabwe","Fish and Seafood",2014,3.33850137376893,6.79,13.74,"ZWE"
"Zimbabwe","Fruits and Vegetables",2014,67.2374176677062,63.38,13.74,"ZWE"
"Zimbabwe","Meat",2014,35.2545745069999,39.21,13.74,"ZWE"
"Zimbabwe","Oilseeds and Pulses",2014,44.0682181337498,36.22,13.74,"ZWE"
